{"mean_x": [5132.231651376147, 2.9311926605504586, 1.2821100917431192, 1.7958715596330275, 0.8577981651376146, 0.18807339449541285, 0.34174311926605505, 0.04128440366972477, 0.3165137614678899, 0.6903669724770642, 0.231651376146789, 0.268348623853211, 0.4105504587155963, 0.3211009174311927], "std_x": [2150.4685853796163, 0.7387315247329065, 0.49839296495118657, 0.871085699245302, 0.34925703002825415, 0.39077076755866075, 0.47429395916494776, 0.19894723341469134, 0.4651158998242654, 0.8609781365224888, 0.42188744479551465, 0.44310003377262264, 0.4919337146039199, 0.46689947339447574], "mean_y": [4746431.3990825685], "std_y": [1860270.039638523]}